%time,field.header.seq,field.header.stamp,field.header.frame_id,field.longitude,field.latitude,field.altitude,field.utm_easting,field.utm_northing,field.Zone,field.letter
1581012204946258251,1,1581012204944837093,,-71.0897733333,42.3376366667,16.7,327844.245881,4689379.72281,19,T
1581012205951792728,2,1581012205949985027,,-71.0897733333,42.3376366667,16.7,327844.245881,4689379.72281,19,T
1581012206946270061,3,1581012206945043087,,-71.0897733333,42.3376366667,16.8,327844.245881,4689379.72281,19,T
1581012207931024185,4,1581012207929732084,,-71.0897733333,42.3376366667,16.8,327844.245881,4689379.72281,19,T
1581012208946575845,5,1581012208945269107,,-71.0897733333,42.3376366667,16.8,327844.245881,4689379.72281,19,T
1581012209935155576,6,1581012209933779001,,-71.0897716667,42.3376366667,16.8,327844.383187,4689379.71943,19,T
1581012210944378255,7,1581012210943232059,,-71.0897716667,42.3376366667,16.8,327844.383187,4689379.71943,19,T
1581012211928203060,8,1581012211926848888,,-71.0897716667,42.3376366667,16.8,327844.383187,4689379.71943,19,T
1581012212933376413,9,1581012212932677984,,-71.0897716667,42.3376366667,16.8,327844.383187,4689379.71943,19,T
1581012213951928339,10,1581012213950583934,,-71.0897716667,42.3376366667,16.8,327844.383187,4689379.71943,19,T
1581012214933202631,11,1581012214932559013,,-71.0897716667,42.3376366667,16.8,327844.383187,4689379.71943,19,T
1581012215951803472,12,1581012215950659036,,-71.0897716667,42.3376366667,16.8,327844.383187,4689379.71943,19,T
1581012216927279864,13,1581012216926536083,,-71.0897716667,42.3376366667,16.8,327844.383187,4689379.71943,19,T
1581012217933873017,14,1581012217933034896,,-71.0897716667,42.3376366667,16.8,327844.383187,4689379.71943,19,T
1581012218933750800,15,1581012218932827949,,-71.0897716667,42.3376366667,16.8,327844.383187,4689379.71943,19,T
1581012219932760766,16,1581012219931940078,,-71.0897716667,42.3376366667,16.9,327844.383187,4689379.71943,19,T
1581012220928504507,17,1581012220927694082,,-71.0897716667,42.3376366667,16.9,327844.383187,4689379.71943,19,T
1581012221935712106,18,1581012221934861898,,-71.0897716667,42.3376366667,16.9,327844.383187,4689379.71943,19,T
1581012222930538666,19,1581012222929786920,,-71.0897716667,42.3376366667,16.9,327844.383187,4689379.71943,19,T
1581012223933203958,20,1581012223932424068,,-71.0897716667,42.3376366667,16.9,327844.383187,4689379.71943,19,T
1581012224933805892,21,1581012224933058977,,-71.0897716667,42.3376366667,16.9,327844.383187,4689379.71943,19,T
1581012225928373831,22,1581012225927386045,,-71.0897716667,42.3376366667,16.9,327844.383187,4689379.71943,19,T
1581012226932712206,23,1581012226931950092,,-71.0897716667,42.3376366667,16.9,327844.383187,4689379.71943,19,T
1581012227927418687,24,1581012227926696062,,-71.0897716667,42.3376366667,16.9,327844.383187,4689379.71943,19,T
1581012228927893792,25,1581012228927318096,,-71.0897716667,42.3376366667,16.9,327844.383187,4689379.71943,19,T
1581012229933309005,26,1581012229932619094,,-71.0897716667,42.3376366667,16.9,327844.383187,4689379.71943,19,T
1581012230934124697,27,1581012230933196067,,-71.0897716667,42.3376366667,16.9,327844.383187,4689379.71943,19,T
1581012231933334283,28,1581012231932446956,,-71.0897716667,42.3376366667,16.9,327844.383187,4689379.71943,19,T
1581012232934038671,29,1581012232933309078,,-71.0897716667,42.3376366667,16.9,327844.383187,4689379.71943,19,T
1581012233934328595,30,1581012233933681964,,-71.0897716667,42.3376366667,17.0,327844.383187,4689379.71943,19,T
1581012234927344781,31,1581012234926728010,,-71.0897716667,42.3376366667,17.0,327844.383187,4689379.71943,19,T
1581012235927771547,32,1581012235926934957,,-71.0897716667,42.3376366667,17.0,327844.383187,4689379.71943,19,T
1581012236934015802,33,1581012236933379888,,-71.0897716667,42.3376366667,17.0,327844.383187,4689379.71943,19,T
1581012237926605885,34,1581012237925828933,,-71.0897716667,42.3376366667,17.0,327844.383187,4689379.71943,19,T
1581012238933889863,35,1581012238932811021,,-71.0897716667,42.3376366667,17.0,327844.383187,4689379.71943,19,T
1581012239934048070,36,1581012239933288097,,-71.0897716667,42.3376366667,17.0,327844.383187,4689379.71943,19,T
1581012240934294856,37,1581012240933613061,,-71.0897716667,42.3376366667,17.0,327844.383187,4689379.71943,19,T
1581012241934742673,38,1581012241933655977,,-71.0897716667,42.3376366667,17.0,327844.383187,4689379.71943,19,T
1581012242928429520,39,1581012242927625894,,-71.0897716667,42.3376366667,17.0,327844.383187,4689379.71943,19,T
1581012243933416307,40,1581012243932779073,,-71.0897716667,42.3376366667,17.0,327844.383187,4689379.71943,19,T
1581012244934901698,41,1581012244934115886,,-71.0897716667,42.3376366667,17.0,327844.383187,4689379.71943,19,T
1581012245929030098,42,1581012245928453922,,-71.0897716667,42.3376366667,17.0,327844.383187,4689379.71943,19,T
1581012246933543756,43,1581012246932838916,,-71.0897716667,42.3376366667,17.0,327844.383187,4689379.71943,19,T
1581012247933890745,44,1581012247932847023,,-71.0897716667,42.3376366667,17.0,327844.383187,4689379.71943,19,T
1581012248934494580,45,1581012248933731079,,-71.0897716667,42.3376366667,17.0,327844.383187,4689379.71943,19,T
1581012249950589812,46,1581012249949670076,,-71.0897716667,42.337635,17.0,327844.378639,4689379.53436,19,T
1581012250929030622,47,1581012250928025007,,-71.0897716667,42.337635,17.0,327844.378639,4689379.53436,19,T
1581012251945626559,48,1581012251944957971,,-71.0897716667,42.337635,17.0,327844.378639,4689379.53436,19,T
1581012252945185821,49,1581012252944405078,,-71.0897716667,42.337635,17.0,327844.378639,4689379.53436,19,T
1581012253952481988,50,1581012253951724052,,-71.0897716667,42.337635,17.0,327844.378639,4689379.53436,19,T
1581012254952370012,51,1581012254951224088,,-71.0897716667,42.337635,17.0,327844.378639,4689379.53436,19,T
1581012255952519032,52,1581012255951565027,,-71.0897716667,42.337635,17.0,327844.378639,4689379.53436,19,T
1581012256952575750,53,1581012256951797962,,-71.0897716667,42.337635,17.0,327844.378639,4689379.53436,19,T
1581012257935186841,54,1581012257934319019,,-71.0897716667,42.337635,17.0,327844.378639,4689379.53436,19,T
1581012258944440551,55,1581012258943644046,,-71.0897716667,42.337635,17.0,327844.378639,4689379.53436,19,T
1581012259933480689,56,1581012259932313919,,-71.0897716667,42.337635,17.0,327844.378639,4689379.53436,19,T
1581012260953098567,57,1581012260952107906,,-71.0897716667,42.337635,17.0,327844.378639,4689379.53436,19,T
1581012261934649097,58,1581012261933820009,,-71.0897716667,42.337635,17.0,327844.378639,4689379.53436,19,T
1581012262928766373,59,1581012262927850008,,-71.08977,42.337635,17.1,327844.515945,4689379.53099,19,T
1581012263952419753,60,1581012263951803922,,-71.08977,42.337635,17.1,327844.515945,4689379.53099,19,T
1581012264935273066,61,1581012264934231042,,-71.08977,42.337635,17.1,327844.515945,4689379.53099,19,T
1581012265953786907,62,1581012265953128099,,-71.08977,42.337635,17.1,327844.515945,4689379.53099,19,T
1581012266933995079,63,1581012266933408975,,-71.08977,42.337635,17.1,327844.515945,4689379.53099,19,T
1581012267934661580,64,1581012267933760881,,-71.08977,42.337635,17.1,327844.515945,4689379.53099,19,T
1581012268928872459,65,1581012268928113937,,-71.08977,42.337635,17.1,327844.515945,4689379.53099,19,T
1581012269935064989,66,1581012269934485912,,-71.08977,42.337635,17.1,327844.515945,4689379.53099,19,T
1581012270933864201,67,1581012270933211088,,-71.08977,42.337635,17.1,327844.515945,4689379.53099,19,T
1581012271934570041,68,1581012271933710098,,-71.08977,42.337635,17.1,327844.515945,4689379.53099,19,T
1581012272934841679,69,1581012272933991909,,-71.08977,42.337635,17.1,327844.515945,4689379.53099,19,T
1581012273934069994,70,1581012273933113098,,-71.0897666667,42.3376316667,17.7,327844.78146,4689379.1541,19,T
1581012274929419837,71,1581012274928607940,,-71.0897583333,42.337625,18.4,327845.449797,4689378.39694,19,T
1581012275930076776,72,1581012275929217100,,-71.0897516667,42.3376166667,18.8,327845.97628,4689377.45809,19,T
1581012276930578760,73,1581012276928736925,,-71.0897416667,42.3376066667,19.3,327846.772827,4689376.32742,19,T
1581012277930161987,74,1581012277929426908,,-71.089735,42.337595,19.3,327847.290213,4689375.01843,19,T
1581012278929923307,75,1581012278929307937,,-71.0897316667,42.3375816667,19.2,327847.52844,4689373.53112,19,T
1581012279929768631,76,1581012279929128885,,-71.0897266667,42.3375683333,19.2,327847.903973,4689372.04043,19,T
1581012280930376693,77,1581012280929681062,,-71.08972,42.33755,19.0,327848.403168,4689369.99115,19,T
1581012281932148996,78,1581012281931399106,,-71.0897116667,42.3375283333,18.8,327849.030573,4689367.56836,19,T
1581012282929878647,79,1581012282929236888,,-71.0897,42.3375,18.6,327849.914399,4689364.39854,19,T
1581012283929756496,80,1581012283928917884,,-71.089685,42.3374683333,18.7,327851.063742,4689360.85183,19,T
1581012284931080471,81,1581012284929527997,,-71.0896716667,42.3374383333,18.7,327852.080329,4689357.49357,19,T
1581012285930881231,82,1581012285930080890,,-71.08966,42.3374083333,18.8,327852.959609,4689354.13867,19,T
1581012286935508632,83,1581012286934732913,,-71.0896483333,42.33738,18.8,327853.843439,4689350.96885,19,T
1581012287929136292,84,1581012287928352117,,-71.0896383333,42.3373533333,18.8,327854.594511,4689347.98748,19,T
1581012288929659101,85,1581012288928904056,,-71.0896333333,42.3373266667,18.9,327854.933664,4689345.01623,19,T
1581012289929722708,86,1581012289928927898,,-71.0896333333,42.3373,19.0,327854.860897,4689342.0551,19,T
1581012290929782402,87,1581012290929255962,,-71.08964,42.337275,18.9,327854.243452,4689339.29253,19,T
1581012291930232084,88,1581012291929317951,,-71.0896533333,42.33725,18.8,327853.076779,4689336.54347,19,T
1581012292929902989,89,1581012292928966999,,-71.0896733333,42.3372266667,18.8,327851.365425,4689333.99297,19,T
1581012293929134567,90,1581012293928431987,,-71.0896966667,42.3372066667,19.2,327849.388553,4689331.81936,19,T
1581012294929878835,91,1581012294929090023,,-71.0897216667,42.337185,19.7,327847.269825,4689329.46406,19,T
1581012295932468428,92,1581012295931678056,,-71.0897466667,42.3371616667,20.2,327845.146547,4689326.92368,19,T
1581012296930194467,93,1581012296929440975,,-71.08977,42.337135,20.5,327843.151478,4689324.00979,19,T
1581012297930293812,94,1581012297929596900,,-71.0897866667,42.337105,20.8,327841.69654,4689320.71227,19,T
1581012298929516453,95,1581012298928985118,,-71.089795,42.3370733333,21.0,327840.923588,4689317.2128,19,T
1581012299961745017,96,1581012299961033105,,-71.089795,42.33704,21.1,327840.832623,4689313.51138,19,T
1581012300930294739,97,1581012300929723978,,-71.0897833333,42.33701,21.1,327841.711906,4689310.15649,19,T
1581012301929933643,98,1581012301929315090,,-71.0897633333,42.3369833333,21.2,327843.286822,4689307.15487,19,T
1581012302946081141,99,1581012302945523023,,-71.0897366667,42.3369633333,21.1,327845.429163,4689304.88003,19,T
1581012303946467697,100,1581012303945271015,,-71.0897083333,42.33695,20.7,327847.727004,4689303.3421,19,T
1581012304946305521,101,1581012304945698976,,-71.089675,42.3369416667,20.7,327850.450413,4689302.34926,19,T
1581012305947196894,102,1581012305946532011,,-71.08964,42.3369366667,20.7,327853.320225,4689301.72319,19,T
1581012306950349020,103,1581012306949265003,,-71.089605,42.3369383333,20.7,327856.20823,4689301.83741,19,T
1581012307929627811,104,1581012307928989887,,-71.0895716667,42.336945,20.6,327858.97257,4689302.51021,19,T
1581012308929934863,105,1581012308929223060,,-71.0895433333,42.3369566667,19.6,327861.33863,4689303.74834,19,T
1581012309931439120,106,1581012309930670976,,-71.089515,42.3369716667,19.0,327863.713785,4689305.35662,19,T
1581012310930766977,107,1581012310929848909,,-71.0894866667,42.3369916667,18.5,327866.102581,4689307.52011,19,T
1581012311928584431,108,1581012311927674055,,-71.089465,42.3370166667,18.2,327867.955789,4689310.25231,19,T
1581012312944804732,109,1581012312943964004,,-71.08945,42.33704,17.8,327869.255219,4689312.81293,19,T
1581012313929163624,110,1581012313927913904,,-71.0894416667,42.3370666667,17.5,327870.014515,4689315.75719,19,T
1581012314929675221,111,1581012314928925991,,-71.08944,42.3370966667,17.2,327870.233677,4689319.08509,19,T
1581012315927779511,112,1581012315927155971,,-71.0894466667,42.337125,17.0,327869.761756,4689322.24479,19,T
1581012316928437826,113,1581012316927792072,,-71.08946,42.337155,16.8,327868.745155,4689325.60305,19,T
1581012317930376097,114,1581012317929683923,,-71.0894833333,42.3371866667,16.9,327866.909261,4689329.16663,19,T
1581012318928667468,115,1581012318928005933,,-71.0895116667,42.337215,16.8,327864.652354,4689332.37019,19,T
1581012319930769734,116,1581012319929935932,,-71.0895483333,42.3372366667,16.8,327861.690723,4689334.85033,19,T
1581012320936753457,117,1581012320935897111,,-71.08959,42.3372516667,16.5,327858.298984,4689336.60032,19,T
1581012321938984451,118,1581012321937340021,,-71.0896333333,42.337255,16.3,327854.738104,4689337.05819,19,T
1581012322928999813,119,1581012322928409099,,-71.0896783333,42.3372516667,16.3,327851.021725,4689336.77915,19,T
1581012323929329879,120,1581012323928422927,,-71.0897233333,42.3372383333,16.3,327847.278057,4689335.38969,19,T
1581012324931621713,121,1581012324930823087,,-71.0897666667,42.3372166667,16.9,327843.648954,4689333.07151,19,T
1581012325938243071,122,1581012325937448978,,-71.0898033333,42.3371883333,17.2,327840.550883,4689329.99954,19,T
1581012326945115675,123,1581012326944478988,,-71.08983,42.3371583333,17.3,327838.272102,4689326.72226,19,T
1581012327945460055,124,1581012327944633960,,-71.0898483333,42.337125,17.3,327836.670758,4689323.05797,19,T
1581012328930156233,125,1581012328929389953,,-71.0898566667,42.3370916667,17.2,327835.893255,4689319.37343,19,T
1581012329955588814,126,1581012329954854011,,-71.08985,42.3370566667,17.2,327836.346968,4689315.47345,19,T
1581012330936900138,127,1581012330936132907,,-71.0898283333,42.3370233333,17.3,327838.040995,4689311.72817,19,T
1581012331930801183,128,1581012331929953098,,-71.089795,42.336995,17.4,327840.70982,4689308.51448,19,T
1581012332931595041,129,1581012332930845022,,-71.0897516667,42.3369766667,17.5,327844.229781,4689306.39096,19,T
1581012333931506568,130,1581012333930799007,,-71.089705,42.336965,17.6,327848.042551,4689305.00099,19,T
1581012334930251155,131,1581012334929712057,,-71.0896566667,42.3369633333,17.8,327852.019918,4689304.71807,19,T
1581012335930231160,132,1581012335929464101,,-71.08961,42.3369683333,17.8,327855.878168,4689305.1788,19,T
1581012336930067059,133,1581012336929358959,,-71.089565,42.3369783333,17.7,327859.612754,4689306.19812,19,T
1581012337930925494,134,1581012337930299997,,-71.0895233333,42.336995,17.6,327863.090915,4689307.96448,19,T
1581012338937058686,135,1581012338935954093,,-71.08949,42.3370183333,17.4,327865.900727,4689310.48799,19,T
1581012339930387961,136,1581012339929671049,,-71.0894666667,42.3370466667,17.2,327867.900337,4689313.58696,19,T
1581012340934887297,137,1581012340934072971,,-71.0894566667,42.3370783333,17.0,327868.810583,4689317.08305,19,T
1581012341932004140,138,1581012341931119918,,-71.089455,42.33711,16.8,327869.034293,4689320.59602,19,T
1581012342934527332,139,1581012342933537006,,-71.0894666667,42.3371416667,16.8,327868.159547,4689324.13598,19,T
1581012343933818676,140,1581012343932926893,,-71.0894866667,42.3371733333,16.8,327866.598267,4689327.69281,19,T
1581012344930483066,141,1581012344929845094,,-71.0895133333,42.3372066667,17.0,327864.492309,4689331.44821,19,T
1581012345938422995,142,1581012345937385082,,-71.08955,42.3372333333,17.1,327861.544321,4689334.48356,19,T
1581012346931531176,143,1581012346930720090,,-71.0895966667,42.3372483333,17.1,327857.740661,4689336.24367,19,T
1581012347937165775,144,1581012347936400890,,-71.0896466667,42.3372533333,17.0,327853.635102,4689336.90011,19,T
1581012348930466500,145,1581012348929559946,,-71.0896966667,42.3372483333,17.0,327849.502255,4689336.44613,19,T
1581012349930589472,146,1581012349929539918,,-71.0897466667,42.3372333333,17.0,327845.342118,4689334.88172,19,T
1581012350945758563,147,1581012350944981098,,-71.08979,42.3372066667,17.4,327841.699369,4689332.00832,19,T
1581012351930569807,148,1581012351929900884,,-71.0898233333,42.337175,17.5,327838.866813,4689328.55947,19,T
1581012352930439821,149,1581012352929778099,,-71.0898466667,42.3371416667,17.5,327836.853549,4689324.9053,19,T
1581012353947551678,150,1581012353946989059,,-71.0898583333,42.3371066667,17.2,327835.796884,4689321.04244,19,T
1581012354947381865,151,1581012354946580886,,-71.0898483333,42.3370716667,17.1,327836.52521,4689317.13571,19,T
1581012355954533355,152,1581012355953846931,,-71.08982,42.3370366667,17.0,327838.763918,4689313.19186,19,T
1581012356947504993,153,1581012356946923017,,-71.0897816667,42.33701,16.9,327841.849213,4689310.15312,19,T
1581012357948116833,154,1581012357947262048,,-71.0897333333,42.3369883333,17.0,327845.771999,4689307.64934,19,T
1581012358931608032,155,1581012358930767059,,-71.0896833333,42.3369783333,17.1,327849.863931,4689306.43769,19,T
1581012359931135109,156,1581012359930352926,,-71.0896333333,42.3369783333,17.1,327853.983152,4689306.33646,19,T
1581012360930416190,157,1581012360929698944,,-71.0895816667,42.3369866667,17.1,327858.262419,4689307.15722,19,T
1581012361929866526,158,1581012361929203987,,-71.08953,42.337,17.2,327862.555328,4689308.53319,19,T
1581012362931689307,159,1581012362930891990,,-71.0894966667,42.3370266667,17.1,327865.374236,4689311.42684,19,T
1581012363944568669,160,1581012363943888902,,-71.0894766667,42.3370616667,16.9,327867.117422,4689315.27283,19,T
1581012364932445319,161,1581012364931679964,,-71.0894716667,42.3370966667,16.7,327867.624842,4689319.1492,19,T
1581012365931955008,162,1581012365931329965,,-71.0894766667,42.3371316667,16.4,327867.308419,4689323.0458,19,T
1581012366931680729,163,1581012366931067943,,-71.0894916667,42.337165,16.2,327866.163608,4689326.77758,19,T
1581012367931148442,164,1581012367930592060,,-71.0895166667,42.3371966667,16.2,327864.190409,4689330.34453,19,T
1581012368933564805,165,1581012368932647943,,-71.08955,42.3372233333,16.2,327861.517035,4689333.37314,19,T
1581012369935028011,166,1581012369934318065,,-71.0895916667,42.3372433333,16.2,327858.138938,4689335.67834,19,T
1581012370930363357,167,1581012370929424047,,-71.0896383333,42.3372516667,16.0,327854.317088,4689336.69817,19,T
1581012371928925388,168,1581012371928169012,,-71.0896866667,42.33725,16.1,327850.330643,4689336.61095,19,T
1581012372929650881,169,1581012372928977966,,-71.0897316667,42.3372383333,16.1,327846.591523,4689335.40656,19,T
1581012373929465055,170,1581012373928833007,,-71.0897716667,42.33722,16.1,327843.24613,4689333.45177,19,T
1581012374932619907,171,1581012374931905031,,-71.0898083333,42.3371933333,16.3,327840.152607,4689330.56488,19,T
1581012375931853924,172,1581012375931124925,,-71.089835,42.3371633333,16.3,327837.873826,4689327.2876,19,T
1581012376932293757,173,1581012376931407928,,-71.0898516667,42.33713,16.2,327836.409789,4689323.61993,19,T
1581012377949227209,174,1581012377948604106,,-71.0898566667,42.3370966667,16.0,327835.9069,4689319.92864,19,T
1581012378949128036,175,1581012378948432922,,-71.0898466667,42.337065,15.7,327836.644324,4689316.39205,19,T
1581012379933293621,176,1581012379932656049,,-71.08982,42.3370333333,15.5,327838.754821,4689312.82172,19,T
1581012380950360252,177,1581012380949368953,,-71.0897766667,42.3370066667,15.6,327842.252038,4689309.77285,19,T
1581012381934060809,178,1581012381933073043,,-71.08973,42.3369866667,15.7,327846.042066,4689307.45752,19,T
1581012382932540863,179,1581012382931540966,,-71.0896783333,42.336975,15.9,327850.266758,4689306.05742,19,T
1581012383933515739,180,1581012383932712078,,-71.0896266667,42.3369766667,15.9,327854.527834,4689306.1379,19,T
1581012384932530936,181,1581012384931936025,,-71.0895766667,42.3369833333,15.9,327858.665246,4689306.77695,19,T
1581012385932394362,182,1581012385931598901,,-71.089535,42.3370016667,15.8,327862.147954,4689308.72838,19,T
1581012386932913924,183,1581012386931895017,,-71.0895016667,42.3370266667,15.8,327864.962314,4689311.43696,19,T
1581012387934624663,184,1581012387934000015,,-71.0894816667,42.3370583333,15.7,327866.696405,4689314.91282,19,T
1581012388934749011,185,1581012388934125900,,-71.0894733333,42.33709,15.6,327867.469345,4689318.41229,19,T
1581012389929504286,186,1581012389928910017,,-71.0894733333,42.33712,15.5,327867.551201,4689321.74356,19,T
1581012390928453593,187,1581012390927736997,,-71.0894783333,42.3371416667,15.4,327867.198398,4689324.1596,19,T
1581012391932804461,188,1581012391931979894,,-71.089485,42.33716,15.3,327866.699193,4689326.20887,19,T
1581012392936660200,189,1581012392935307979,,-71.089495,42.33718,15.4,327865.929922,4689328.44996,19,T
1581012393938757041,190,1581012393937388896,,-71.0895083333,42.3371983333,15.5,327864.881491,4689330.51273,19,T
1581012394931396631,191,1581012394930502891,,-71.0895233333,42.33722,15.6,327863.704849,4689332.94902,19,T
1581012395937727879,192,1581012395937134027,,-71.0895383333,42.3372433333,15.5,327862.532755,4689335.57037,19,T
1581012396931342315,193,1581012396930697917,,-71.0895533333,42.33727,15.5,327861.369758,4689338.56187,19,T
1581012399223253600,194,1581012399222563982,,-71.0895683333,42.3372983333,15.4,327860.211309,4689341.73843,19,T
1581012400223482902,195,1581012400222724914,,-71.0895833333,42.3373266667,15.4,327859.052862,4689344.915,19,T
1581012401219514371,196,1581012401218554973,,-71.0895966667,42.3373583333,15.4,327858.040818,4689348.45834,19,T
1581012402235396862,197,1581012402234826087,,-71.0896133333,42.3373916667,15.6,327856.75871,4689352.19349,19,T
1581012403224874818,198,1581012403224041938,,-71.08963,42.3374266667,15.8,327855.481152,4689356.11372,19,T
1581012404218573283,199,1581012404217866897,,-71.0896466667,42.3374616667,15.9,327854.203595,4689360.03394,19,T
1581012405218281979,200,1581012405217624902,,-71.089675,42.337495,16.5,327851.960349,4689363.79272,19,T
1581012406237130072,201,1581012406236336946,,-71.0896983333,42.3375316667,16.8,327850.138119,4689367.91151,19,T
1581012407235722742,202,1581012407234891891,,-71.0897183333,42.3375683333,17.2,327848.590504,4689372.02356,19,T
1581012408238666462,203,1581012408237817049,,-71.0897333333,42.337605,17.4,327847.454808,4689376.12548,19,T
1581012409240920021,204,1581012409239331007,,-71.089745,42.3376366667,17.5,327846.580082,4689379.66544,19,T
1581012410237794095,205,1581012410237092018,,-71.0897583333,42.3376683333,17.5,327845.568051,4689383.20878,19,T
1581012411221978331,206,1581012411221400022,,-71.08977,42.3377,17.7,327844.693326,4689386.74874,19,T
1581012412222374188,207,1581012412221721887,,-71.089785,42.3377333333,17.9,327843.54854,4689390.48052,19,T
1581012413222108973,208,1581012413221106052,,-71.0897966667,42.33777,18.1,327842.687463,4689394.5757,19,T
1581012414221743529,209,1581012414220910072,,-71.089805,42.3378083333,18.4,327842.105546,4689398.8492,19,T
1581012415239352942,210,1581012415238368988,,-71.0898133333,42.337845,18.8,327841.519082,4689402.93762,19,T
1581012416221520646,211,1581012416220885038,,-71.08982,42.3378816667,19.3,327841.069924,4689407.02268,19,T
1581012417221939442,212,1581012417221040964,,-71.0898183333,42.3379116667,19.5,327841.289101,4689410.35057,19,T
1581012418222887181,213,1581012418222089052,,-71.08981,42.337935,19.9,327842.039304,4689412.92469,19,T
1581012419223078656,214,1581012419222127914,,-71.0898033333,42.3379616667,20.3,327842.661299,4689415.87232,19,T
1581012420220634978,215,1581012420219994068,,-71.0897966667,42.3379866667,20.6,327843.278745,4689418.63489,19,T
1581012421220686249,216,1581012421220150947,,-71.08979,42.3380116667,21.1,327843.89619,4689421.39745,19,T
1581012422222921732,217,1581012422221350908,,-71.089795,42.3380433333,21.9,327843.570693,4689424.92391,19,T
1581012423221774636,218,1581012423221103906,,-71.0898033333,42.33808,22.5,327842.984232,4689429.01234,19,T
1581012424220844510,219,1581012424220237016,,-71.089815,42.3381216667,23.1,327842.136806,4689433.66273,19,T
1581012425220843354,220,1581012425220177888,,-71.089835,42.3381666667,23.4,327840.611955,4689438.70013,19,T
1581012426220256253,221,1581012426219569921,,-71.089865,42.3382166667,23.8,327838.276924,4689444.31299,19,T
1581012427220658860,222,1581012427219934940,,-71.089935,42.3382833333,23.7,327832.692075,4689451.85755,19,T
1581012428218624509,223,1581012428217909097,,-71.08998,42.3383333333,24.1,327829.121315,4689457.50079,19,T
1581012429220667535,224,1581012429219763040,,-71.09001,42.3383766667,24.2,327826.768105,4689462.37337,19,T
1581012430236427347,225,1581012430235722064,,-71.0900366667,42.3384183333,24.2,327824.684959,4689467.05414,19,T
1581012431237350598,226,1581012431236687898,,-71.09006,42.338455,24.6,327822.862776,4689471.17294,19,T
1581012432221112845,227,1581012432220055103,,-71.0900816667,42.3384966667,24.7,327821.191547,4689475.84358,19,T
1581012433238416709,228,1581012433237468004,,-71.0901016667,42.33854,24.8,327819.662173,4689480.69592,19,T
1581012434220146724,229,1581012434219352960,,-71.0901316667,42.3385983333,24.5,327817.349921,4689487.23414,19,T
1581012435220756326,230,1581012435220041990,,-71.0901566667,42.3386533333,24.1,327815.440486,4689493.3921,19,T
1581012436220032120,231,1581012436219481945,,-71.0901816667,42.3387066667,23.8,327813.526506,4689499.36499,19,T
1581012437220064065,232,1581012437219438076,,-71.0902116667,42.3387583333,23.8,327811.196069,4689505.16293,19,T
1581012438222008838,233,1581012438221246957,,-71.0902383333,42.3388116667,23.6,327809.144793,4689511.13919,19,T
1581012439222057258,234,1581012439221261978,,-71.0902633333,42.33887,23.5,327807.244472,4689517.66729,19,T
1581012440219729909,235,1581012440218554973,,-71.0902883333,42.3389266667,23.4,327805.339606,4689524.01033,19,T
1581012441221102825,236,1581012441220376014,,-71.090315,42.3389833333,23.4,327803.297441,4689530.35673,19,T
1581012442221665188,237,1581012442220927000,,-71.0903433333,42.3390383333,23.4,327801.113427,4689536.52145,19,T
1581012443221387710,238,1581012443220068931,,-71.0903683333,42.3390966667,23.2,327799.213122,4689543.04955,19,T
1581012444220876449,239,1581012444219774961,,-71.090405,42.3391516667,23.7,327796.342604,4689549.23114,19,T
1581012445220425989,240,1581012445219820976,,-71.0904383333,42.3392083333,24.1,327793.751245,4689555.59106,19,T
1581012446220775820,241,1581012446219865083,,-71.090465,42.3392666667,24.0,327791.713651,4689562.12254,19,T
1581012447220136454,242,1581012447219527959,,-71.09049,42.3393233333,23.8,327789.808814,4689568.46558,19,T
1581012448220347505,243,1581012448219566106,,-71.0905133333,42.3393783333,23.6,327788.036733,4689574.62017,19,T
1581012449220435239,244,1581012449219779968,,-71.0905366667,42.3394316667,23.5,327786.260105,4689580.58969,19,T
1581012450222029213,245,1581012450221038103,,-71.09056,42.3394816667,23.6,327784.474381,4689586.18907,19,T
1581012451221413761,246,1581012451220716953,,-71.0905783333,42.3395266667,23.5,327783.086914,4689591.22311,19,T
1581012452220486498,247,1581012452219755887,,-71.0905966667,42.3395666667,23.4,327781.685799,4689595.70194,19,T
1581012453237485864,248,1581012453236552000,,-71.0906116667,42.3396033333,23.2,327780.550189,4689599.80388,19,T
1581012454224673579,249,1581012454223947048,,-71.0906266667,42.3396383333,23.0,327779.41003,4689603.72075,19,T
1581012455222770345,250,1581012455222229957,,-71.0906466667,42.3396733333,22.4,327777.857968,4689607.64774,19,T
1581012456223708071,251,1581012456223169088,,-71.0906783333,42.3397033333,22.0,327775.331147,4689611.04316,19,T
1581012457241954106,252,1581012457241236925,,-71.09072,42.3397266667,21.8,327771.962318,4689613.71855,19,T
1581012458239959281,253,1581012458239329099,,-71.09077,42.33974,21.8,327767.879681,4689615.30039,19,T
1581012459239365354,254,1581012459238545894,,-71.09082,42.3397466667,21.5,327763.778843,4689616.14196,19,T
1581012460239562442,255,1581012460238169908,,-71.0908666667,42.33974,21.1,327759.916202,4689615.49621,19,T
1581012461239226511,256,1581012461238040924,,-71.0909216667,42.3397233333,20.5,327755.339748,4689613.75691,19,T
1581012462222710324,257,1581012462222171068,,-71.0909916667,42.3396966667,20.1,327749.500272,4689610.93759,19,T
1581012463223038479,258,1581012463221326112,,-71.0910716667,42.3396566667,19.8,327742.800572,4689606.65796,19,T
1581012464220756381,259,1581012464220146894,,-71.091145,42.33961,20.2,327736.631865,4689601.62455,19,T
1581012465239596999,260,1581012465238672971,,-71.09123,42.3395666667,20.0,327729.51114,4689596.98492,19,T
1581012466222687873,261,1581012466222012042,,-71.0913166667,42.3395266667,19.7,327722.262207,4689592.71882,19,T
1581012467222667441,262,1581012467221990108,,-71.091405,42.3394866667,19.5,327714.875962,4689588.4561,19,T
1581012468222035726,263,1581012468221483945,,-71.091495,42.33945,19.4,327707.361512,4689584.56691,19,T
1581012469222853622,264,1581012469222209930,,-71.0915816667,42.3394133333,19.2,327700.121656,4689580.67098,19,T
1581012470223251130,265,1581012470222346067,,-71.09167,42.3393766667,19.2,327692.74449,4689576.77842,19,T
1581012471223080330,266,1581012471222215890,,-71.0917566667,42.33934,19.2,327685.504618,4689572.8825,19,T
1581012472222557206,267,1581012472221532106,,-71.091845,42.339305,19.2,327678.131989,4689569.17503,19,T
1581012473221892577,268,1581012473221379041,,-71.0919316667,42.3392666667,19.5,327670.887547,4689565.09405,19,T
1581012474223514801,269,1581012474222960948,,-71.09202,42.33923,19.6,327663.510348,4689561.20153,19,T
1581012475224325398,270,1581012475223608970,,-71.0921083333,42.3391933333,19.7,327656.13314,4689557.30901,19,T
1581012476224163324,271,1581012476223535060,,-71.0921983333,42.339155,19.7,327648.614067,4689553.23481,19,T
1581012477225223516,272,1581012477224451065,,-71.09229,42.3391183333,19.6,327640.962237,4689549.34907,19,T
1581012478225950485,273,1581012478225209951,,-71.0923833333,42.33908,19.5,327633.168541,4689545.28164,19,T
1581012479228254146,274,1581012479227297067,,-71.0924783333,42.3390383333,19.2,327625.228424,4689540.84746,19,T
1581012480221125744,275,1581012480220382928,,-71.0925766667,42.3389966667,19.1,327617.013691,4689536.42004,19,T
1581012481242003669,276,1581012481241229057,,-71.0926783333,42.338955,19.0,327608.524341,4689531.9994,19,T
1581012482239600255,277,1581012482238890886,,-71.0927833333,42.3389133333,18.9,327599.760374,4689527.58552,19,T
1581012483228312823,278,1581012483227747917,,-71.0928916667,42.3388733333,19.2,327590.726344,4689523.36348,19,T
1581012484241091919,279,1581012484240312099,,-71.0930016667,42.3388333333,19.2,327581.554999,4689519.14483,19,T
1581012485223160570,280,1581012485222476005,,-71.0931116667,42.338795,19.4,327572.388199,4689515.11127,19,T
1581012486225164396,281,1581012486224351882,,-71.0932216667,42.3387583333,19.5,327563.225943,4689511.26278,19,T
1581012487229347483,282,1581012487228337049,,-71.0933316667,42.33872,19.4,327554.059121,4689507.22924,19,T
1581012488222507366,283,1581012488221988916,,-71.09344,42.33868,19.2,327545.025035,4689503.00726,19,T
1581012489222942450,284,1581012489222184896,,-71.0935433333,42.3386416667,19.1,327536.407405,4689498.96022,19,T
1581012490223106399,285,1581012490222491979,,-71.0936433333,42.3386033333,19.1,327528.064373,4689494.90643,19,T
1581012491223290675,286,1581012491222479104,,-71.0937416667,42.338565,19.0,327519.858635,4689490.84927,19,T
1581012492224068433,287,1581012492223336935,,-71.0938383333,42.338525,18.9,327511.785634,4689486.60366,19,T
1581012493225826824,288,1581012493224714994,,-71.093935,42.3384866667,18.6,327503.71718,4689482.54313,19,T
1581012494223886176,289,1581012494223155021,,-71.0940316667,42.3384483333,18.4,327495.648717,4689478.48262,19,T
1581012495223212784,290,1581012495222351074,,-71.0941283333,42.33841,18.1,327487.580244,4689474.42211,19,T
1581012496221611448,291,1581012496220851898,,-71.0942233333,42.3383716667,17.9,327479.649065,4689470.35823,19,T
1581012497223557721,292,1581012497222856044,,-71.0943166667,42.3383333333,17.8,327471.855182,4689466.29098,19,T
1581012498225172695,293,1581012498224292993,,-71.0944016667,42.3382983333,17.8,327464.756929,4689462.57697,19,T
1581012499224565156,294,1581012499223659038,,-71.0944716667,42.3382683333,17.9,327458.908085,4689459.38773,19,T
1581012500223655043,295,1581012500222887992,,-71.094525,42.338245,18.0,327454.450517,4689456.90497,19,T
1581012501224135954,296,1581012501223408937,,-71.0945716667,42.338225,18.0,327450.551281,4689454.77882,19,T
1581012502224298065,297,1581012502223599910,,-71.0946133333,42.3382083333,17.9,327447.073076,4689453.01267,19,T
1581012503239988775,298,1581012503239351034,,-71.09465,42.3381933333,17.8,327444.011342,4689451.42144,19,T
1581012504223929065,299,1581012504223262071,,-71.094685,42.3381783333,18.0,327441.086911,4689449.82683,19,T
1581012505224315860,300,1581012505223537921,,-71.0947116667,42.3381666667,18.2,327438.858121,4689448.58546,19,T
1581012506224390356,301,1581012506223808050,,-71.09474,42.3381566667,18.4,327436.496584,4689447.53253,19,T
1581012507224208468,302,1581012507223203897,,-71.0947733333,42.3381516667,18.7,327433.73681,4689447.04497,19,T
1581012508238879392,303,1581012508238270044,,-71.09481,42.3381533333,18.8,327430.720662,4689447.30445,19,T
1581012509239647800,304,1581012509238854885,,-71.0948583333,42.3381616667,19.1,327426.761619,4689448.3279,19,T
1581012510241348302,305,1581012510240559101,,-71.0949116667,42.3381866667,18.5,327422.436256,4689451.21221,19,T
1581012511241483063,306,1581012511240770101,,-71.0949683333,42.3382183333,17.9,327417.854527,4689454.84357,19,T
1581012512239252368,307,1581012512238583087,,-71.0950333333,42.3382533333,17.4,327412.595398,4689458.86198,19,T
1581012513223778366,308,1581012513222940921,,-71.0951066667,42.3382916667,17.0,327406.658873,4689463.26746,19,T
1581012514224603688,309,1581012514223853111,,-71.0951866667,42.3383316667,16.7,327400.177697,4689467.87155,19,T
1581012515224302184,310,1581012515223727941,,-71.0952716667,42.33837,16.5,327393.280056,4689472.30072,19,T
1581012516239552178,311,1581012516238900899,,-71.0953566667,42.33841,16.4,327386.386984,4689476.91497,19,T
1581012517223211621,312,1581012517222513914,,-71.0954416667,42.3384483333,16.2,327379.489361,4689481.34415,19,T
1581012518224046369,313,1581012518223236083,,-71.0955233333,42.3384866667,16.1,327372.866354,4689485.76658,19,T
1581012519224263232,314,1581012519223447084,,-71.0956033333,42.338525,16.0,327366.38066,4689490.18563,19,T
1581012520222389937,315,1581012520221498966,,-71.09568,42.3385616667,15.8,327360.16502,4689494.41284,19,T
1581012521222614888,316,1581012521221687078,,-71.0957533333,42.3385983333,15.6,327354.223996,4689498.63329,19,T
1581012522222962706,317,1581012522222112894,,-71.0958266667,42.3386333333,15.4,327348.278417,4689502.66868,19,T
1581012523224697285,318,1581012523224060058,,-71.0958983333,42.3386683333,15.3,327342.470148,4689506.70069,19,T
1581012524222542217,319,1581012524221808910,,-71.0959683333,42.3387033333,15.3,327336.79919,4689510.72932,19,T
1581012525222292052,320,1581012525221530914,,-71.0960383333,42.338735,15.2,327331.119114,4689514.38781,19,T
1581012526223196477,321,1581012526222511053,,-71.096105,42.3387666667,15.2,327325.713651,4689518.03954,19,T
1581012527222024593,322,1581012527221333026,,-71.0961733333,42.3387983333,15.2,327320.170891,4689521.69466,19,T
1581012528221897320,323,1581012528221162080,,-71.0962383333,42.33883,15.2,327314.902742,4689525.34301,19,T
1581012529227888857,324,1581012529227258920,,-71.0963033333,42.33886,15.2,327309.630037,4689528.80629,19,T
1581012530222767950,325,1581012530222009897,,-71.09637,42.33889,15.1,327304.220033,4689532.27297,19,T
1581012531223738102,326,1581012531222845077,,-71.0964333333,42.3389183333,15.2,327299.080078,4689535.54781,19,T
1581012532239337720,327,1581012532238519906,,-71.0964916667,42.338945,15.3,327294.347475,4689538.62742,19,T
1581012533239924259,328,1581012533239140033,,-71.096545,42.3389683333,15.4,327290.017658,4689541.32674,19,T
1581012534224317678,329,1581012534223512887,,-71.0965866667,42.3389866667,15.5,327286.635276,4689543.44715,19,T
1581012535253752948,330,1581012535253065109,,-71.096615,42.339,15.7,327284.337631,4689544.98527,19,T
1581012536222073901,331,1581012536221268892,,-71.096635,42.3390083333,15.8,327282.712811,4689545.95125,19,T
1581012537221921101,332,1581012537221190929,,-71.0966483333,42.3390133333,15.8,327281.628077,4689546.53355,19,T
1581012538224625463,333,1581012538223639965,,-71.09666,42.3390183333,15.7,327280.680646,4689547.11246,19,T
1581012539224207480,334,1581012539223316907,,-71.096675,42.339025,15.9,327279.463173,4689547.88321,19,T
1581012540223320993,335,1581012540222460985,,-71.09669,42.3390316667,16.1,327278.2457,4689548.65397,19,T
1581012541224106039,336,1581012541223433017,,-71.0967066667,42.3390383333,16.5,327276.890925,4689549.42811,19,T
1581012542228498759,337,1581012542227714061,,-71.0967183333,42.3390416667,16.7,327275.938931,4689549.82195,19,T
1581012543224324084,338,1581012543223546981,,-71.09673,42.3390466667,16.8,327274.991501,4689550.40086,19,T
1581012544227313168,339,1581012544226548910,,-71.09674,42.3390533333,17.1,327274.185938,4689551.16146,19,T
1581012545226706129,340,1581012545225949048,,-71.0967483333,42.3390583333,17.2,327273.513114,4689551.7336,19,T
1581012546227489174,341,1581012546226594924,,-71.096755,42.3390616667,17.3,327272.97303,4689552.11728,19,T
1581012547227716026,342,1581012547226888895,,-71.0967666667,42.33907,17.4,327272.034728,4689553.06633,19,T
1581012548225322300,343,1581012548224723100,,-71.09678,42.33909,17.5,327270.991068,4689555.31427,19,T
1581012549225997717,344,1581012549224991083,,-71.0967883333,42.3391216667,17.5,327270.391264,4689558.84754,19,T
1581012550225594146,345,1581012550224761009,,-71.0967833333,42.339165,17.5,327270.921827,4689563.64923,19,T
1581012551225310705,346,1581012551224653005,,-71.09676,42.3392133333,17.3,327272.976409,4689568.96888,19,T
1581012552221709150,347,1581012552221067905,,-71.0967216667,42.3392683333,17.1,327276.284964,4689574.99834,19,T
1581012553223783440,348,1581012553222910881,,-71.0966716667,42.3393283333,17.0,327280.568321,4689581.55932,19,T
1581012554238394587,349,1581012554237520933,,-71.09662,42.3393933333,16.9,327285.002661,4689588.67213,19,T
1581012555225492424,350,1581012555224878072,,-71.0965666667,42.3394583333,17.0,327289.574296,4689595.78156,19,T
1581012556222496965,351,1581012556221906900,,-71.0965083333,42.339525,17.0,327294.56239,4689603.0659,19,T
1581012557226503134,352,1581012557225744009,,-71.096445,42.3395916667,16.9,327299.962379,4689610.34009,19,T
1581012558225319849,353,1581012558224755048,,-71.096375,42.33966,16.9,327305.916127,4689617.78582,19,T
1581012559242584525,354,1581012559241617918,,-71.0963,42.339725,16.7,327312.272641,4689624.85125,19,T
1581012560222317596,355,1581012560221750974,,-71.09621,42.3397933333,16.0,327319.873979,4689632.25637,19,T
1581012561239110268,356,1581012561238440990,,-71.096115,42.339855,15.4,327327.868956,4689638.91106,19,T
1581012562241111268,357,1581012562240483045,,-71.0960133333,42.339915,14.9,327336.40856,4689645.36715,19,T
1581012563241398234,358,1581012563240698099,,-71.09591,42.33997,14.6,327345.071763,4689651.26465,19,T
1581012564224165972,359,1581012564223552942,,-71.0958033333,42.3400233333,14.4,327354.004992,4689656.97032,19,T
1581012565224729523,360,1581012565224035024,,-71.095695,42.3400733333,14.2,327363.066383,4689662.30248,19,T
1581012566224844158,361,1581012566223900079,,-71.0955833333,42.3401216667,13.9,327372.397801,4689667.44281,19,T
1581012567241118200,362,1581012567240428924,,-71.0954683333,42.3401683333,13.8,327381.999244,4689672.39132,19,T
1581012568224180285,363,1581012568223519086,,-71.09535,42.3402133333,13.4,327391.870714,4689677.148,19,T
1581012569224599931,364,1581012569223779916,,-71.0952283333,42.3402583333,13.1,327402.01677,4689681.89792,19,T
1581012570225495818,365,1581012570224922895,,-71.0951066667,42.340305,12.9,327412.167372,4689686.83294,19,T
1581012571228004935,366,1581012571227333068,,-71.0949833333,42.34035,12.5,327422.4507,4689691.57951,19,T
1581012572227187651,367,1581012572226296901,,-71.0948633333,42.3403966667,12.3,327432.463973,4689696.51793,19,T
1581012573226414943,368,1581012573225622892,,-71.0947416667,42.3404433333,12.3,327442.61453,4689701.45299,19,T
1581012574226558179,369,1581012574225785970,,-71.0946233333,42.34049,12.3,327452.490474,4689706.39482,19,T
1581012575222667839,370,1581012575221724987,,-71.0945066667,42.340535,12.3,327462.224545,4689711.15498,19,T
1581012576222486501,371,1581012576221771001,,-71.09439,42.3405783333,12.3,327471.954043,4689715.73008,19,T
1581012577224445575,372,1581012577223478078,,-71.0942733333,42.3406183333,12.4,327481.674412,4689719.93506,19,T
1581012578222725785,373,1581012578222121953,,-71.0941566667,42.3406566667,12.6,327491.390211,4689723.95497,19,T
1581012579222415580,374,1581012579221740007,,-71.0940416667,42.34069,12.7,327500.955025,4689727.42307,19,T
1581012580222915929,375,1581012580222285985,,-71.09393,42.34072,12.7,327510.236115,4689730.5278,19,T
1581012581221284804,376,1581012581220706939,,-71.093825,42.3407466667,12.9,327518.958885,4689733.27593,19,T
1581012582222539028,377,1581012582221712112,,-71.0937316667,42.3407683333,13.0,327526.706883,4689735.49252,19,T
1581012583240367361,378,1581012583239739894,,-71.093645,42.3407766667,13.3,327533.869223,4689736.24207,19,T
1581012584240021393,379,1581012584239310026,,-71.0935683333,42.3407683333,13.5,327540.162198,4689735.16121,19,T
1581012585224840689,380,1581012585224235057,,-71.0934983333,42.3407433333,13.7,327545.860412,4689732.24317,19,T
1581012586223291254,381,1581012586222657918,,-71.0934366667,42.3407066667,13.9,327550.84024,4689728.04653,19,T
1581012587242246413,382,1581012587241554975,,-71.0933816667,42.3406566667,14.1,327555.234424,4689722.38286,19,T
1581012588226613343,383,1581012588225486040,,-71.09333,42.3406,14.2,327559.335792,4689715.98567,19,T
1581012589226160959,384,1581012589225256919,,-71.0932766667,42.3405383333,14.4,327563.560799,4689709.02988,19,T
1581012590225738113,385,1581012590225137948,,-71.0932233333,42.3404716667,14.5,327567.772147,4689701.51889,19,T
1581012591224903153,386,1581012591224276065,,-71.0931666667,42.3404016667,14.6,327572.248992,4689693.631,19,T
1581012592223393957,387,1581012592222739934,,-71.0931083333,42.3403283333,14.7,327576.854036,4689685.36959,19,T
1581012593225372469,388,1581012593224483966,,-71.0930516667,42.3402533333,14.6,327581.317236,4689676.92649,19,T
1581012594228168797,389,1581012594227588891,,-71.0929966667,42.3401783333,14.6,327585.643147,4689668.48678,19,T
1581012595225581789,390,1581012595224957942,,-71.0929433333,42.3401033333,14.6,327589.831769,4689660.05045,19,T
1581012596224819094,391,1581012596223997116,,-71.0928983333,42.340025,14.9,327593.324787,4689651.26088,19,T
1581012597224232055,392,1581012597223623991,,-71.09285,42.3399516667,15.2,327597.106081,4689643.01976,19,T
1581012598224492395,393,1581012598223908901,,-71.0928033333,42.33988,15.4,327600.75464,4689634.9671,19,T
1581012599229643504,394,1581012599228688001,,-71.092755,42.3398083333,15.6,327604.540508,4689626.91106,19,T
1581012600226903653,395,1581012600226155042,,-71.0927083333,42.3397383333,15.8,327608.193639,4689619.04347,19,T
1581012601227492042,396,1581012601226783990,,-71.09266,42.3396716667,15.9,327611.99319,4689611.54264,19,T
1581012602228180072,397,1581012602227401018,,-71.0926166667,42.33961,15.9,327615.394509,4689604.60717,19,T
1581012603227962058,398,1581012603226830959,,-71.0925783333,42.339555,15.9,327618.402148,4689598.42212,19,T
1581012604247854150,399,1581012604246442079,,-71.0925433333,42.3395083333,15.9,327621.15796,4689593.16918,19,T
1581012605231176956,400,1581012605230046987,,-71.0925166667,42.33947,15.9,327623.250039,4689588.85849,19,T
1581012606230353347,401,1581012606229187011,,-71.092495,42.3394416667,16.1,327624.957541,4689585.66836,19,T
1581012607234430331,402,1581012607233357906,,-71.0924816667,42.3394233333,16.3,327626.00586,4689583.60556,19,T
1581012608228154059,403,1581012608226963996,,-71.0924733333,42.3394133333,16.4,327626.665044,4689582.47824,19,T
1581012609228383223,404,1581012609227504014,,-71.0924683333,42.3394083333,16.6,327627.063288,4689581.91289,19,T
1581012610243655780,405,1581012610242873907,,-71.0924683333,42.3394083333,16.6,327627.063288,4689581.91289,19,T
1581012611228200866,406,1581012611227395057,,-71.092465,42.3394066667,17.2,327627.333338,4689581.72106,19,T
1581012612246384024,407,1581012612245204925,,-71.0924633333,42.3394066667,17.2,327627.47064,4689581.71768,19,T
1581012613247475343,408,1581012613246453046,,-71.0924633333,42.3394066667,17.2,327627.47064,4689581.71768,19,T
1581012614245336863,409,1581012614244499921,,-71.0924633333,42.3394066667,17.2,327627.47064,4689581.71768,19,T
1581012615228716071,410,1581012615227842092,,-71.0924633333,42.3394066667,17.3,327627.47064,4689581.71768,19,T
1581012616228070468,411,1581012616227210998,,-71.0924583333,42.339405,18.0,327627.877992,4689581.52247,19,T
1581012617244824514,412,1581012617244117975,,-71.0924516667,42.3394016667,18.6,327628.418092,4689581.13882,19,T
1581012618228402042,413,1581012618227828979,,-71.092445,42.339395,18.8,327628.949083,4689580.38502,19,T
1581012619229458472,414,1581012619228646039,,-71.092435,42.3393816667,19.1,327629.736462,4689578.88418,19,T
1581012620228326952,415,1581012620227655887,,-71.0924216667,42.3393583333,19.2,327630.771121,4689576.26616,19,T
1581012621228225167,416,1581012621227581024,,-71.092405,42.3393283333,19.2,327632.062169,4689572.9011,19,T
1581012622229681323,417,1581012622228629112,,-71.0923866667,42.3392916667,19.3,327633.472304,4689568.79238,19,T
1581012623227558806,418,1581012623226674079,,-71.0923683333,42.3392483333,19.4,327634.864224,4689563.94338,19,T
1581012624227950076,419,1581012624227184057,,-71.0923566667,42.339205,19.5,327635.706937,4689559.10789,19,T
1581012625228954454,420,1581012625228147983,,-71.0923516667,42.33917,19.7,327636.02321,4689555.21127,19,T
1581012626229144242,421,1581012626228431940,,-71.09236,42.33915,19.8,327635.282049,4689553.00731,19,T
1581012627228516714,422,1581012627227807044,,-71.09238,42.33914,19.9,327633.607093,4689551.93743,19,T
1581012628225095553,423,1581012628224378108,,-71.09241,42.3391333333,19.8,327631.117428,4689551.25796,19,T
1581012629228918103,424,1581012629228096008,,-71.092445,42.3391266667,19.6,327628.215855,4689550.58863,19,T
1581012630227539299,425,1581012630226690053,,-71.0924733333,42.339115,19.5,327625.849829,4689549.35058,19,T
1581012631225382294,426,1581012631224612951,,-71.0924733333,42.3391033333,19.6,327625.817949,4689548.05508,19,T
1581012632227532837,427,1581012632225857973,,-71.0924266667,42.339095,19.5,327629.639655,4689547.03512,19,T
1581012633224632943,428,1581012633223637104,,-71.0923266667,42.339085,19.9,327637.850498,4689545.72198,19,T
1581012634246772549,429,1581012634245902061,,-71.09219,42.33908,20.5,327649.095667,4689544.88974,19,T
1581012635246271251,430,1581012635245147943,,-71.0920283333,42.3390533333,20.8,327662.341186,4689541.60092,19,T
1581012636227837972,431,1581012636227129936,,-71.0919,42.3390616667,21.1,327672.936271,4689542.26617,19,T
1581012637229917387,432,1581012637229249954,,-71.0918033333,42.3390966667,21.1,327680.995445,4689545.95675,19,T
1581012638244136859,433,1581012638243330955,,-71.091715,42.3391316667,21.0,327688.368097,4689549.66422,19,T
1581012639226835331,434,1581012639225841045,,-71.0916283333,42.3391666667,20.6,327695.603437,4689553.37508,19,T
1581012640223207687,435,1581012640222337961,,-71.09155,42.3392083333,20.5,327702.170467,4689557.84311,19,T
1581012641226332389,436,1581012641225501060,,-71.0914733333,42.33925,20.4,327708.600185,4689562.31452,19,T
1581012642226632193,437,1581012642225784063,,-71.0913933333,42.3392883333,20.4,327715.295396,4689566.40905,19,T
1581012643229953439,438,1581012643229157924,,-71.091315,42.3393233333,20.4,327721.844193,4689570.13682,19,T
1581012644229777439,439,1581012644228667020,,-71.0912383333,42.3393533333,20.1,327728.242026,4689573.31275,19,T
1581012645227131454,440,1581012645225852966,,-71.0911566667,42.3393783333,19.9,327735.038105,4689575.92336,19,T
1581012646226596292,441,1581012646225608110,,-71.0910766667,42.3394,19.7,327741.687774,4689578.1672,19,T
1581012647228761847,442,1581012647228008985,,-71.091,42.3394216667,19.5,327748.062835,4689580.4178,19,T
1581012648227987589,443,1581012648227220058,,-71.0909266667,42.339445,19.5,327754.167838,4689582.86023,19,T
1581012649229352168,444,1581012649228684902,,-71.0908633333,42.3394666667,19.3,327759.444474,4689585.13786,19,T
1581012650229107541,445,1581012650228473901,,-71.0908116667,42.3394866667,19.3,327763.755443,4689587.25404,19,T
1581012651229413470,446,1581012651228573083,,-71.0907716667,42.3395033333,19.3,327767.096195,4689589.02373,19,T
1581012652229365387,447,1581012652228301048,,-71.0907433333,42.339515,19.2,327769.46218,4689590.26183,19,T
1581012653227857816,448,1581012653227195024,,-71.0907283333,42.3395216667,19.1,327770.716099,4689590.97173,19,T
1581012654229745800,449,1581012654228895902,,-71.0907233333,42.33952,18.5,327771.123454,4689590.77653,19,T
1581012655245529962,450,1581012655244983911,,-71.0907216667,42.33952,18.5,327771.260756,4689590.77315,19,T
1581012656229150317,451,1581012656228410005,,-71.0907216667,42.33952,18.5,327771.260756,4689590.77315,19,T
1581012657228110337,452,1581012657227494955,,-71.0907216667,42.33952,18.5,327771.260756,4689590.77315,19,T
1581012658230005671,453,1581012658229229927,,-71.0907216667,42.33952,18.5,327771.260756,4689590.77315,19,T
1581012659230078143,454,1581012659229399919,,-71.09072,42.3395183333,18.2,327771.393507,4689590.58471,19,T
1581012660229980595,455,1581012660229270935,,-71.0907116667,42.33952,18.0,327772.084567,4689590.7529,19,T
1581012661247827866,456,1581012661246764898,,-71.0906983333,42.3395266667,17.9,327773.201183,4689591.46617,19,T
1581012662230495313,457,1581012662229863882,,-71.09068,42.3395333333,17.9,327774.729705,4689592.16932,19,T
1581012663246171597,458,1581012663245465993,,-71.0906616667,42.3395416667,18.0,327776.262776,4689593.05754,19,T
1581012664248439594,459,1581012664247159957,,-71.0906416667,42.3395483333,18.0,327777.928599,4689593.75731,19,T
1581012665248883028,460,1581012665247699975,,-71.0906233333,42.3395533333,17.9,327779.452569,4689594.27539,19,T
1581012666231869485,461,1581012666230874061,,-71.0906083333,42.3395533333,17.8,327780.688285,4689594.24501,19,T
1581012667232783098,462,1581012667231925964,,-71.090585,42.33955,17.7,327782.601409,4689593.82761,19,T
1581012668245814491,463,1581012668244688034,,-71.090555,42.3395366667,17.5,327785.03644,4689592.28628,19,T
1581012669229910349,464,1581012669229022979,,-71.0905266667,42.3395116667,17.3,327787.30232,4689589.45283,19,T
1581012670231773382,465,1581012670230407953,,-71.0905016667,42.3394783333,17.1,327789.270848,4689585.70078,19,T
1581012671231519355,466,1581012671229969978,,-71.0904833333,42.3394383333,17.2,327790.67197,4689581.22195,19,T
1581012672230807974,467,1581012672229652881,,-71.0904633333,42.3394033333,17.1,327792.224046,4689577.29496,19,T
1581012673231186968,468,1581012673230175018,,-71.090445,42.3393666667,17.1,327793.634272,4689573.18628,19,T
1581012674230152501,469,1581012674229334115,,-71.090425,42.339325,17.2,327795.168152,4689568.519,19,T
1581012675230897783,470,1581012675230068922,,-71.0904033333,42.33928,17.4,327796.830238,4689563.47821,19,T
1581012676231510698,471,1581012676230128049,,-71.09038,42.339225,17.6,327798.60233,4689557.32362,19,T
1581012677228705832,472,1581012677227338075,,-71.090355,42.339165,17.7,327800.49808,4689550.61045,19,T
1581012678231257251,473,1581012678230004072,,-71.0903266667,42.3391,17.8,327802.65479,4689543.33531,19,T
1581012679228842375,474,1581012679227929115,,-71.0902966667,42.33904,17.7,327804.962457,4689536.61201,19,T
1581012680228577359,475,1581012680227570056,,-71.0902666667,42.3389816667,17.5,327807.274678,4689530.07378,19,T
1581012681228556377,476,1581012681227572917,,-71.0902383333,42.3389216667,17.3,327809.445052,4689523.35386,19,T
1581012682224656549,477,1581012682223752021,,-71.0902116667,42.3388616667,17.6,327811.478126,4689516.63731,19,T
1581012683234227547,478,1581012683233320951,,-71.090185,42.3388083333,17.7,327813.529403,4689510.66105,19,T
1581012684230483237,479,1581012684229341030,,-71.090165,42.33876,17.6,327815.045116,4689505.2535,19,T
1581012685231081089,480,1581012685230302095,,-71.0901483333,42.3387183333,17.8,327816.304422,4689500.59298,19,T
1581012686249304348,481,1581012686248249053,,-71.0901366667,42.33868,18.4,327817.160917,4689496.31273,19,T
1581012687230064892,482,1581012687229228973,,-71.0901283333,42.3386416667,19.1,327817.742806,4689492.03923,19,T
1581012688225130565,483,1581012688224328041,,-71.090115,42.3386083333,19.2,327818.750254,4689488.31081,19,T
1581012689245222114,484,1581012689244344949,,-71.0901,42.3385683333,19.8,327819.876811,4689483.83874,19,T
1581012690228972085,485,1581012690227904081,,-71.0900816667,42.3385283333,20.0,327821.277978,4689479.35992,19,T
1581012691246222035,486,1581012691245543956,,-71.090055,42.33848,20.8,327823.342923,4689473.93888,19,T
1581012692231614289,487,1581012692230746030,,-71.09003,42.33843,21.6,327825.266018,4689468.33613,19,T
1581012693232821649,488,1581012693231678009,,-71.0900016667,42.338375,22.7,327827.450078,4689462.17143,19,T
1581012694228710613,489,1581012694228045940,,-71.08998,42.3383233333,23.2,327829.094023,4689456.39037,19,T
1581012695227155891,490,1581012695225856065,,-71.08998,42.3382733333,23.1,327828.95756,4689450.83825,19,T
1581012696227859059,491,1581012696227123975,,-71.0899983333,42.33822,23.4,327827.301649,4689444.95311,19,T
1581012697231972207,492,1581012697230859041,,-71.0900183333,42.3381766667,23.6,327825.535723,4689440.18177,19,T
1581012698228945759,493,1581012698228049993,,-71.090015,42.3381566667,23.3,327825.755747,4689437.95417,19,T
1581012699232412110,494,1581012699231288909,,-71.0899966667,42.3381583333,22.9,327827.270648,4689438.10212,19,T
1581012700225869315,495,1581012700225130081,,-71.0899733333,42.33817,22.6,327829.224756,4689439.35036,19,T
1581012701226395365,496,1581012701225394010,,-71.0899616667,42.3381766667,22.5,327830.204085,4689440.06702,19,T
1581012702228771753,497,1581012702227195978,,-71.0899516667,42.33818,22.4,327831.037011,4689440.41692,19,T
1581012703233243851,498,1581012703232137918,,-71.0899383333,42.3381833333,22.6,327832.144546,4689440.76006,19,T
1581012704229813489,499,1581012704228809118,,-71.0899266667,42.33818,22.7,327833.096582,4689440.3663,19,T
1581012705244982005,500,1581012705244292974,,-71.0899183333,42.3381666667,22.7,327833.746717,4689438.86886,19,T
1581012706229792963,501,1581012706228779077,,-71.0899083333,42.3381416667,22.8,327834.502316,4689436.07255,19,T
1581012707224955453,502,1581012707224339008,,-71.089895,42.33811,22.9,327835.514333,4689432.52921,19,T
1581012708227566636,503,1581012708226807117,,-71.089875,42.33808,23.1,327837.080118,4689429.15744,19,T
1581012709230399703,504,1581012709229617118,,-71.0898633333,42.338045,23.0,327837.945735,4689425.24734,19,T
1581012710227115133,505,1581012710226224899,,-71.08985,42.3380116667,23.1,327838.953206,4689421.51893,19,T
1581012711244602367,506,1581012711243243932,,-71.0898383333,42.337975,23.4,327839.814276,4689417.42375,19,T
1581012712228333100,507,1581012712227554082,,-71.089825,42.337935,23.7,327840.803557,4689412.95506,19,T
1581012713240378584,508,1581012713239523887,,-71.0898166667,42.3378966667,23.9,327841.385471,4689408.68156,19,T
1581012714244306638,509,1581012714243294954,,-71.0898083333,42.3378583333,24.0,327841.967385,4689404.40807,19,T
1581012715243392763,510,1581012715242453098,,-71.0898066667,42.337825,23.9,327842.013724,4689400.70328,19,T
1581012716229292208,511,1581012716228035926,,-71.0898083333,42.3377983333,23.8,327841.803645,4689397.74552,19,T
1581012717226580196,512,1581012717225732088,,-71.0898066667,42.3377816667,24.0,327841.895467,4689395.89144,19,T
1581012718246652418,513,1581012718244649887,,-71.0898,42.337765,25.1,327842.399206,4689394.02724,19,T
1581012719227116564,514,1581012719226095914,,-71.089795,42.3377533333,25.8,327842.779285,4689392.72162,19,T
1581012720227217249,515,1581012720226397991,,-71.0897916667,42.33774,25.9,327843.01751,4689391.2343,19,T
1581012721227536879,516,1581012721226747035,,-71.08979,42.3377116667,26.7,327843.077495,4689388.08473,19,T
1581012722227644351,517,1581012722226783990,,-71.08978,42.337685,27.4,327843.828557,4689385.10335,19,T
1581012723226867893,518,1581012723226241111,,-71.0897733333,42.33765,28.4,327844.282267,4689381.20337,19,T
1581012724227096382,519,1581012724226170063,,-71.0897633333,42.3376183333,29.1,327845.019686,4689377.66678,19,T
1581012725226450229,520,1581012725225795984,,-71.0897533333,42.3375916667,29.5,327845.770751,4689374.68541,19,T
1581012726231821945,521,1581012726230940103,,-71.0897416667,42.3375766667,29.4,327846.690959,4689372.99615,19,T
1581012727232803348,522,1581012727232047080,,-71.0897333333,42.3375683333,28.7,327847.354749,4689372.05392,19,T
1581012728229331834,523,1581012728228710889,,-71.0897233333,42.33757,27.6,327848.183134,4689372.21875,19,T
1581012729229288314,524,1581012729228460073,,-71.0897183333,42.3375733333,26.6,327848.604148,4689372.57877,19,T
1581012730222724157,525,1581012730222119092,,-71.0897133333,42.3375766667,26.0,327849.025162,4689372.93879,19,T
1581012731226050952,526,1581012731225244998,,-71.08971,42.33758,25.6,327849.308871,4689373.30218,19,T
1581012732232598834,527,1581012732231647968,,-71.0897033333,42.3375833333,25.6,327849.867191,4689373.65882,19,T
1581012733230505231,528,1581012733229809045,,-71.0896966667,42.3375816667,25.5,327850.411867,4689373.46025,19,T
1581012734233957356,529,1581012734233020067,,-71.0896933333,42.337575,25.2,327850.668287,4689372.71322,19,T
1581012735232125261,530,1581012735231439113,,-71.0896833333,42.3375616667,25.2,327851.455739,4689371.21241,19,T
1581012736246245067,531,1581012736245454072,,-71.0896783333,42.3375483333,25.0,327851.831273,4689369.72173,19,T
1581012737235978907,532,1581012737235043048,,-71.089675,42.3375383333,24.7,327852.078597,4689368.60455,19,T
1581012738232377989,533,1581012738231548070,,-71.08967,42.3375266667,24.6,327852.45868,4689367.29894,19,T
1581012739234490543,534,1581012739232952117,,-71.0896616667,42.3375116667,24.5,327853.104278,4689365.61643,19,T
1581012740248925271,535,1581012740248039007,,-71.0896533333,42.3374883333,24.5,327853.727138,4689363.00857,19,T
1581012741231010248,536,1581012741230160951,,-71.0896433333,42.3374633333,24.1,327854.482756,4689360.21226,19,T
1581012742248085242,537,1581012742247503042,,-71.0896366667,42.337435,23.5,327854.954666,4689357.05257,19,T
1581012743231222793,538,1581012743230474948,,-71.08963,42.3374066667,22.9,327855.426577,4689353.89287,19,T
1581012744231254575,539,1581012744230402946,,-71.0896233333,42.3373783333,22.5,327855.898488,4689350.73317,19,T
1581012745232330418,540,1581012745231530904,,-71.0896183333,42.33735,22.0,327856.233094,4689347.57685,19,T
1581012746229013348,541,1581012746228303909,,-71.089615,42.3373216667,22.1,327856.430393,4689344.4239,19,T
1581012747227079500,542,1581012747226476907,,-71.0896183333,42.3372933333,21.9,327856.078466,4689341.28445,19,T
1581012748231536997,543,1581012748230659961,,-71.08963,42.337265,21.7,327855.040005,4689338.16186,19,T
1581012749231734673,544,1581012749230828046,,-71.0896516667,42.33724,21.3,327853.186798,4689335.42967,19,T
1581012750230142537,545,1581012750229063034,,-71.0896866667,42.3372216667,20.2,327850.253327,4689333.46475,19,T
1581012751231636507,546,1581012751230768918,,-71.0897283333,42.337205,18.9,327846.775175,4689331.6984,19,T
1581012752231606062,547,1581012752230254888,,-71.0897666667,42.3371833333,18.0,327843.55799,4689329.37009,19,T
1581012753227185616,548,1581012753226444005,,-71.0897983333,42.3371566667,17.4,327840.876386,4689326.47308,19,T
1581012754227091456,549,1581012754226355075,,-71.0898166667,42.3371216667,17.2,327839.270495,4689322.62371,19,T
1581012755227537816,550,1581012755226710081,,-71.0898183333,42.337085,17.0,327839.033126,4689318.55553,19,T
1581012756248371689,551,1581012756247376918,,-71.089805,42.33705,16.9,327840.036069,4689314.64205,19,T
1581012757232310930,552,1581012757231595993,,-71.0897833333,42.3370216667,16.8,327841.743743,4689311.45198,19,T
1581012758230762570,553,1581012758230046033,,-71.0897583333,42.3369983333,16.7,327843.739678,4689308.81038,19,T
1581012759232917601,554,1581012759232033014,,-71.08973,42.3369816667,16.6,327846.028421,4689306.90231,19,T
1581012760228022013,555,1581012760227380037,,-71.089695,42.3369683333,16.5,327848.875492,4689305.35088,19,T
1581012761228160762,556,1581012761227423906,,-71.0896566667,42.3369616667,16.4,327852.01537,4689304.53299,19,T
1581012762244898257,557,1581012762243505954,,-71.0896166667,42.336965,16.3,327855.319843,4689304.82216,19,T
1581012763229641013,558,1581012763228503942,,-71.0895766667,42.3369733333,16.2,327858.637959,4689305.66653,19,T
1581012764244330000,559,1581012764243493080,,-71.0895416667,42.33699,15.8,327861.566891,4689307.44638,19,T
1581012765250282511,560,1581012765249438047,,-71.089515,42.3370116667,15.4,327863.822928,4689309.79832,19,T
1581012766247472883,561,1581012766246511936,,-71.089495,42.3370383333,15.1,327865.543377,4689312.71896,19,T
1581012767229076618,562,1581012767228403091,,-71.0894833333,42.337065,14.8,327866.577288,4689315.65647,19,T
1581012768234175550,563,1581012768233202934,,-71.0894783333,42.3370933333,14.5,327867.066518,4689318.79255,19,T
1581012769250018465,564,1581012769249150037,,-71.08948,42.33712,14.3,327867.001972,4689321.75705,19,T
1581012770229391661,565,1581012770228218078,,-71.089485,42.3371466667,14.2,327866.662812,4689324.72831,19,T
1581012771228627603,566,1581012771227751016,,-71.0894983333,42.337175,14.1,327865.641666,4689327.9015,19,T
1581012772230008944,567,1581012772229408979,,-71.0895216667,42.337205,14.5,327863.801227,4689331.28001,19,T
1581012773230296935,568,1581012773229522943,,-71.0895533333,42.33723,14.6,327861.260612,4689334.12017,19,T
1581012774234294617,569,1581012774233079910,,-71.089595,42.3372483333,14.5,327857.877968,4689336.2403,19,T
1581012775231374885,570,1581012775230695009,,-71.0896433333,42.3372533333,14.4,327853.909715,4689336.89336,19,T
1581012776235500146,571,1581012776234339952,,-71.0896933333,42.3372466667,14.4,327849.77232,4689336.25431,19,T
1581012777232859973,572,1581012777231957912,,-71.0897433333,42.33723,14.3,327845.607635,4689334.50483,19,T
1581012778233942067,573,1581012778232937097,,-71.0897883333,42.337205,14.3,327841.832127,4689331.81988,19,T
1581012779229787555,574,1581012779229048013,,-71.0898233333,42.3371716667,14.4,327838.857717,4689328.18933,19,T
1581012780231186422,575,1581012780230144023,,-71.08984,42.3371333333,14.2,327837.380035,4689323.96645,19,T
1581012781235958555,576,1581012781235146045,,-71.0898366667,42.3370916667,14.0,327837.540941,4689319.33293,19,T
1581012782235320339,577,1581012782234481096,,-71.089815,42.33705,13.9,327839.212226,4689314.6623,19,T
1581012783232807621,578,1581012783232209920,,-71.089785,42.3370166667,13.7,327841.592791,4689310.90015,19,T
1581012784230053008,579,1581012784229469060,,-71.08974,42.3369916667,13.8,327845.231866,4689308.03298,19,T
1581012785231431099,580,1581012785230606079,,-71.0896883333,42.3369766667,13.8,327849.447461,4689306.26274,19,T
1581012786229758723,581,1581012786229115962,,-71.0896333333,42.3369733333,13.9,327853.969509,4689305.78125,19,T
1581012787248614279,582,1581012787248049974,,-71.0895816667,42.336985,14.1,327858.257872,4689306.97215,19,T
1581012788232636522,583,1581012788231825113,,-71.0895366667,42.3370083333,14.1,327862.028838,4689309.47204,19,T
1581012789230593783,584,1581012789230051994,,-71.0895033333,42.33704,14.1,327864.861388,4689312.9209,19,T
1581012790247924848,585,1581012790247297048,,-71.0894833333,42.337075,13.9,327866.604574,4689316.7669,19,T
1581012791231345646,586,1581012791230499982,,-71.0894783333,42.3371133333,14.0,327867.121089,4689321.0134,19,T
1581012792250352182,587,1581012792248842000,,-71.089485,42.3371516667,14.0,327866.676455,4689325.28352,19,T
1581012793231937466,588,1581012793231200933,,-71.0895,42.3371866667,14.0,327865.536192,4689329.20037,19,T
1581012794234891424,589,1581012794234220981,,-71.0895183333,42.33722,14.3,327864.116769,4689332.93889,19,T
1581012795234748901,590,1581012795233731031,,-71.0895383333,42.3372483333,14.3,327862.546398,4689336.12558,19,T
1581012796232268172,591,1581012796231403112,,-71.089555,42.3372783333,14.4,327861.25519,4689339.49059,19,T
1581012797231806899,592,1581012797231161117,,-71.0895666667,42.3373083333,14.5,327860.375903,4689342.84548,19,T
1581012798233138301,593,1581012798232440948,,-71.0895716667,42.3373366667,14.5,327860.041295,4689346.00181,19,T
1581012799236314205,594,1581012799235246896,,-71.0895733333,42.3373666667,14.8,327859.985849,4689349.33645,19,T
1581012800234694030,595,1581012800233690977,,-71.0895783333,42.3373933333,15.1,327859.646694,4689352.30771,19,T
1581012801234291785,596,1581012801233346939,,-71.0895883333,42.3374116667,15.3,327858.872881,4689354.36373,19,T
1581012802234160724,597,1581012802233226060,,-71.0895983333,42.33742,15.4,327858.071782,4689355.30932,19,T
1581012803232998915,598,1581012803232351064,,-71.0895983333,42.33742,15.4,327858.071782,4689355.30932,19,T
1581012804233473238,599,1581012804232500076,,-71.0895983333,42.33742,15.4,327858.071782,4689355.30932,19,T
1581012805234591083,600,1581012805233489036,,-71.0895983333,42.33742,15.4,327858.071782,4689355.30932,19,T
1581012806249757711,601,1581012806248873949,,-71.0895983333,42.33742,15.4,327858.071782,4689355.30932,19,T
1581012807236838472,602,1581012807235754013,,-71.0895983333,42.33742,15.4,327858.071782,4689355.30932,19,T
1581012808233986455,603,1581012808233155012,,-71.0896,42.33742,15.4,327857.934476,4689355.3127,19,T
1581012809234575257,604,1581012809233659982,,-71.0896016667,42.33742,15.5,327857.797169,4689355.31607,19,T
1581012810234677367,605,1581012810234019041,,-71.0896016667,42.33742,15.5,327857.797169,4689355.31607,19,T
1581012811236231214,606,1581012811235280036,,-71.0896016667,42.33742,15.4,327857.797169,4689355.31607,19,T
1581012812234825472,607,1581012812233948945,,-71.0896016667,42.33742,15.4,327857.797169,4689355.31607,19,T
1581012813251226943,608,1581012813250412940,,-71.0896016667,42.33742,15.4,327857.797169,4689355.31607,19,T
1581012814253397711,609,1581012814252684116,,-71.0896016667,42.33742,15.4,327857.797169,4689355.31607,19,T
1581012815251747786,610,1581012815250870943,,-71.0896016667,42.33742,15.4,327857.797169,4689355.31607,19,T
1581012816249023473,611,1581012816248452901,,-71.0896016667,42.33742,15.4,327857.797169,4689355.31607,19,T
1581012817233611549,612,1581012817233001947,,-71.0896016667,42.33742,15.3,327857.797169,4689355.31607,19,T
1581012818233147614,613,1581012818232484102,,-71.0896016667,42.3374216667,15.3,327857.801717,4689355.50114,19,T
1581012819233142920,614,1581012819232400894,,-71.0896016667,42.3374216667,15.3,327857.801717,4689355.50114,19,T
1581012820249049936,615,1581012820248533964,,-71.0896016667,42.3374216667,15.3,327857.801717,4689355.50114,19,T
1581012821232411582,616,1581012821231740951,,-71.0896,42.3374216667,15.2,327857.939024,4689355.49777,19,T
1581012822232949757,617,1581012822232434988,,-71.0896,42.3374216667,15.2,327857.939024,4689355.49777,19,T
1581012823233530108,618,1581012823232928991,,-71.0896,42.3374216667,15.2,327857.939024,4689355.49777,19,T
1581012824232667847,619,1581012824231942892,,-71.0896,42.3374216667,15.0,327857.939024,4689355.49777,19,T
1581012825232909374,620,1581012825232273101,,-71.0895983333,42.3374216667,15.0,327858.07633,4689355.4944,19,T
